CODIGO,DESCRIPCION
194,3RAUM DE TANA
83,AGUA CRISTAL
461,AGUA MARINA
472,AGUAMARINA Y BLANCO
473,AGUAMARINA Y HABANO
474,ALASKA METALICO
465,ALMENDRA
86,ALUMINIO
475,ALUMINIO GRANO MEDIO
476,AMARILL  BLAN. AZUL GRIS  ROJO
4,AMARILLO
6,AMARILLO DAKAR
21,AMBAR METALIZAD
42,ANARANJADO
80,ARENA
477,ARENA DORADA METALIZADO
478,ARENA MIST
23,ARENA PLATA
479,ARENA PLAYA
480,ARENA ROCK
25,ARMADA
481,ASCOT VERDE METALICO
30,ASPEN SILVER
35,ASTRO PLATA
482,ASTRO SILVER
39,ATLANTIS BLAU
5,AZUL
50,AZUL ADRIATICO
51,AZUL AGUA
82,AZUL ALBORADA
445,AZUL AMATISTA
99,AZUL ATLANTICO
100,AZUL ATLANTIS
101,AZUL AVIACION
102,AZUL BAHIA
103,AZUL BEIGE
459,AZUL BLAZE
104,AZUL BRILLANTE
105,AZUL BRUMA
454,AZUL BURITI
106,AZUL CANCUN
13,AZUL CARIBE
449,AZUL CELEDON
107,AZUL CELESTE
16,AZUL CIELO
17,AZUL CLARO
108,AZUL COBALTO
109,AZUL CORREAL
110,AZUL COSMICO
111,AZUL DANES
112,AZUL DANUBIO
113,AZUL ELECTRICO
114,AZUL FANTASIA
26,AZUL FIRMAMENTO
115,AZUL FRESCO
116,AZUL GENESIS
117,AZUL GRAVA
118,AZUL IBIZA
32,AZUL IMPERIAL
119,AZUL INDIGO
120,AZUL INFINITO
121,AZUL LAGO
122,AZUL LAGUNA
421,AZUL LISBOA
123,AZUL MARINO
124,AZUL MEDITERRAN
125,AZUL METAL
126,AZUL MICA
127,AZUL MONACO
128,AZUL MONTEVIDEO
129,AZUL MOONLIGTH
130,AZUL NAUTICO
131,AZUL NAVAL
132,AZUL NAVY
133,AZUL NEVADO
423,AZUL NIAGARA
134,AZUL NIEBLA
135,AZUL NOCTURNO
45,AZUL OSCURO
136,AZUL OSFORD
47,AZUL PACIFICO
471,AZUL PANTERA
137,AZUL PERLA
138,AZUL PERLECENTE
139,AZUL PETROLEO
140,AZUL POLICROMAD
440,AZUL RIVIERA
141,AZUL ROYAL
142,AZUL SAJON
143,AZUL SANTIAGO
144,AZUL SIDNEY
433,AZUL SUPERIOR
432,AZUL TINTA
145,AZUL TORMENTA
146,AZUL TURQUEZA
147,AZUL VERDOSO
148,AZUL VIOLETA
419,AZUL VOLTIO
149,AZUL WINDSOR
442,AZUL Y
548,AZUL Y MARFIL
998,AZUL Y ROJO
66,AZUL ZAFIRO
483,AZURIT AZUL METALICO 
484,BASE AZUL MEDIO METAL.
485,BASE PLATA METAL.
486,BASE VERDE CLARO
487,BCO AMARILLO VERDE NARANJ
488,BCO SEVRES FJ AZUL ROJO VERDE 
489,BCO VERDE AMARIL  NARAN
490,BCO.NARANJA ZAPOTE
7,BEIGE
150,BEIGE ALABASTRO
151,BEIGE CARRARA
152,BEIGE CHAMPANA
153,BEIGE CINZA
154,BEIGE CLARO
155,BEIGE DUNA
156,BEIGE FRASER
157,BEIGE HUESO
158,BEIGE IMPALA
159,BEIGE JIZAN
160,BEIGE MARFIL
161,BEIGE MARRON
162,BEIGE MAYFAIR
444,BEIGE OSCURO
163,BEIGE PHENICIEN
55,BEIGE SAHARA
453,BEIGE TOUCSON
62,BELL FLOWER
491,BERMELLON
492,BLAN  AZUL ROJ VERD AMAR Y NAR
493,BLANC.FJA.NEGRA ROJA AMARILLA
494,BLANCA Y CRUZ ROJA
8,BLANCO
495,BLANCO  FJA VERDE AZUL NARAN
496,BLANCO / PLATA COOL
497,BLANCO ALABASTO
498,BLANCO ALABASTRO
499,BLANCO ALASKA
164,BLANCO ALPINO
500,BLANCO AMARILLO AZUL Y ROJO
501,BLANCO AMARILLO NARANJA
502,BLANCO AMARILLO ROJO Y AZUL
503,BLANCO AMARILLO VERDE Y ROJO
504,BLANCO AMARILLO Y AZUL
505,BLANCO AMARILLO Y FJA AZUL 
506,BLANCO AMARILLO Y GRIS
507,BLANCO AMARILLO Y MANDARINA
508,BLANCO AMARILLO Y NEGRO
509,BLANCO AMARILLO Y ROJO
510,BLANCO AMARILLO Y VERDE
511,BLANCO ANDINO
165,BLANCO ANTARTIDA
166,BLANCO APERLADO
513,BLANCO ARAYA
167,BLANCO ARCO
514,BLANCO ARCO BICAPA
168,BLANCO ARTICO
515,BLANCO ARTICO AZUL DANES
516,BLANCO ARTICO FJA AZUL
517,BLANCO ARTICO VERDE AGUA
518,BLANCO ARTICO VERDE SELVA
519,BLANCO ARTICO Y AZUL OCEANO
520,BLANCO ARTICO Y ROJO SEVILLA
521,BLANCO ARTICO/VERDE MANZANA
522,BLANCO AURORA
523,BLANCO AZUL GRIS
524,BLANCO AZUL NEGRO AMARILLO ROJ
525,BLANCO AZUL PERLADO
526,BLANCO AZUL ROJO Y VERDE
527,BLANCO AZUL ROSADO VERDE
528,BLANCO AZUL VERDE Y FUCSIA
529,BLANCO AZUL Y CAFE
530,BLANCO AZUL Y NARANJA
531,BLANCO AZUL Y ROJO
532,BLANCO AZUL Y ROJO BERMELLON
533,BLANCO AZUL Y TOMATE
534,BLANCO AZUL Y VERDE
535,BLANCO AZUL ZAPOTE
536,BLANCO BANCHISA
537,BLANCO BANQUISA
538,BLANCO BANQUISE METALICO
539,BLANCO BANQUISE PASTEL
169,BLANCO BANQUISEN
170,BLANCO BANQUIST
541,BLANCO BEIGE 
542,BLANCO BEIGE METALIZADO
543,BLANCO BERMELLON
544,BLANCO BERMELLON Y AZUL
545,BLANCO BICAPA
546,BLANCO BLANQUISE METALICO
547,BLANCO BRANCHIS
171,BLANCO BRILLANTE
10,BLANCO BRUMA
549,BLANCO CAFE FR AMARILLA VERDE
550,BLANCO CAFE Y AMARILLO
551,BLANCO CALIMA
172,BLANCO CALMA
552,BLANCO CAMPANELLA
173,BLANCO CASABLANCA
554,BLANCO CELTA
174,BLANCO CHAWTON
555,BLANCO CLARO
556,BLANCO CLASICO
557,BLANCO CON ALUMINIO
558,BLANCO CON GAMAS VERDE DORADO
559,BLANCO COOL
561,BLANCO CREMA
562,BLANCO CREMA FR ZAPOTE AMARILL
563,BLANCO CREMA NARANJA Y VERDE 
564,BLANCO CREMA Y FR AZUL
565,BLANCO CREMA Y ROJO
566,BLANCO CREMA Y VERDE
175,BLANCO CRISTAL
567,BLANCO CRISTAL BRILLANTE
568,BLANCO CRISTAL FJA. NEGRA
77,BLANCO D SEVRES
569,BLANCO DIAMANTE
570,BLANCO DORADO
571,BLANCO ENGINE
572,BLANCO ESCARCHA
176,BLANCO ESCOTIA
573,BLANCO FAIRY
177,BLANCO FARRI
574,BLANCO FEVRES
575,"BLANCO FJ NAR, VERDE  AMARILLO"
576,BLANCO FJ ROJA AZUL Y AMARILLA
577,BLANCO FJ VERDE Y ROJO
578,BLANCO FJA  AMAR  NEGRA  VERD
579,BLANCO FJA  AZUL Y VERDE
580,BLANCO FJA A COLORES
581,BLANCO FJA AMARILLA Y VERDE
582,BLANCO FJA AMARILLO
583,BLANCO FJA AMARILLO VERDE Y RO
584,BLANCO FJA AZUL VERDE Y ROJA
585,BLANCO FJA AZUL Y NARANJA
586,BLANCO FJA AZUL Y NEGRO
587,BLANCO FJA AZUL Y ROJO
588,BLANCO FJA MARRON ROJO NARANJA
589,BLANCO FJA NARANJ VERDE AMARIL
590,BLANCO FJA NARANJA Y AZULES
591,BLANCO FJA NEGRA
592,BLANCO FJA NEGRA Y AMARILLA
593,BLANCO FJA NEGRO ROJO AMARILLO
594,BLANCO FJA ROJA AMARI Y NEGRA
595,BLANCO FJA ROJA NARANJA
596,BLANCO FJA ROJA NARANJA NEGRO
597,BLANCO FJA ROJO
598,BLANCO FJA ROJO AMARI  VERDE
599,BLANCO FJA ROJO Y NEGRO
600,BLANCO FJA VERDE
601,BLANCO FJA VERDE AMARI NARAN
602,BLANCO FJA VERDE NARANJA
603,BLANCO FJA VERDE NEGRO AMARILL
604,BLANCO FJA VERDE ROJO Y AZUL
605,BLANCO FJA VERDE Y AMARILLO
606,BLANCO FJA VERDE Y CAFE
607,BLANCO FJA VERDE Y NEGRO
608,BLANCO FJA ZAPOTE
609,BLANCO FJA ZAPOTE VERDE AZUL
610,BLANCO FJA. VERDE ROJO Y AZUL
611,BLANCO FJAS AMAR ROJAS Y AZUL
612,BLANCO FJAS AZUL ROJO Y VERDE
613,BLANCO FJAS ROJAS Y VERDES
614,BLANCO FJAS ROJO AMA Y VERDE
615,BLANCO FJAS VERDE AMAR NARAN
616,BLANCO FJAS VERDE AMARILLO NEG
617,BLANCO FJAS VERDE Y DORADO
618,BLANCO FJAS VERDES 
619,BLANCO FORMULA
620,BLANCO FR AMARILLA VERDE ROJA
621,BLANCO FRJ VERDE Y ROJA
622,BLANCO FRJA AMARILLA VERDE NAR
178,BLANCO GALAXIA
623,BLANCO GAMAS VERDE Y DORADO
624,BLANCO GANDY
625,BLANCO GEADA
626,BLANCO GLACIAL
627,BLANCO GRANITO
628,BLANCO GRIS
629,BLANCO GRIS AZUL VERDE
630,BLANCO GRIS Y VERDE
631,BLANCO HIELO
632,BLANCO HUESO
633,BLANCO LOGO AZUL VERDE Y GRIS
179,BLANCO LOTUS
634,BLANCO LOTUS Y AZUL
635,BLANCO MAHLER
426,BLANCO MALHER
636,BLANCO MANZANA
637,BLANCO MARFIL
638,BLANCO MARFIL VERDE
639,BLANCO MARFIL VERDE ESMERALDA
640,BLANCO MARFIL VERDE TURQUESA
641,BLANCO MARFIL Y GRIS
642,BLANCO MARFIL Y NEGRO
643,BLANCO MARRON Y ZAPOTE
180,BLANCO MEIGE
22,BLANCO METALIZADO
645,BLANCO NAR VERD Y AMARI
646,BLANCO NARAN FJA NEG Y ROJA
181,BLANCO NARANJA
647,BLANCO NARANJA AZUL VERDE
648,BLANCO NARANJA VERDE TURQUESA
649,BLANCO NARANJA Y AZUL
650,BLANCO NARANJA Y FJA VERDE
651,BLANCO NARANJA Y NEGRO
652,BLANCO NARANJA Y VERDE
653,BLANCO NEGRO Y GRIS
654,BLANCO NEGRO Y HABANO
655,BLANCO NEGRO Y NIQUEL
656,BLANCO NEGRO Y ROJO
657,BLANCO NEGRO Y VERDE
182,BLANCO NEPAL
183,BLANCO NEVADO
658,BLANCO NEVADO BICAPA
184,BLANCO NIEVE
659,BLANCO NIEVE FJA AZUL ROJA
660,BLANCO NIEVE METALICO
185,BLANCO NOBLE
661,BLANCO NORUEGO
662,BLANCO OLIVA
663,BLANCO ORION
664,BLANCO OXFORD
665,BLANCO PAPIRO
186,BLANCO PAPIZO
187,BLANCO PERLA
666,BLANCO PERLA METALIZADO
667,BLANCO PERLADO
668,BLANCO PERLADO Y DORADO
669,BLANCO PIEDRA
670,BLANCO PLANO
671,BLANCO PLATA
188,BLANCO POLAR
672,BLANCO POLAR Y ROJO SEV.
673,BLANCO PORCELANA
674,BLANCO PREMIUN
675,BLANCO PURO
676,BLANCO ROJO AMARI VERDE
677,BLANCO ROJO AZUL FJA AMARILLA
678,BLANCO ROJO AZUL Y AMAR.
679,BLANCO ROJO AZUL Y VERDE
680,BLANCO ROJO FJA AMARILLO
681,BLANCO ROJO MARRON GRIS Y NEGR
682,BLANCO ROJO METALIZADO
683,BLANCO ROJO NARANAJA NEGRO DOR
684,BLANCO ROJO NEGRO GRIS
685,BLANCO ROJO VERDE Y AMAR.
686,BLANCO ROJO VERDE Y AZUL
687,BLANCO ROJO VERDE Y NEGRO
688,BLANCO ROJO Y AMARILLO
689,BLANCO ROJO Y AZUL
690,BLANCO ROJO Y CREMA
691,BLANCO ROJO Y NEGRO
692,BLANCO ROJO Y VERDE
420,BLANCO ROSS
189,BLANCO SAL
693,BLANCO SCOTIA
694,BLANCO SEVRES
695,BLANCO SIBERIA
696,BLANCO SILKY
190,BLANCO SOFIA
697,BLANCO SOLIDO
698,BLANCO SOLIDO GRIS NEBLINA
699,BLANCO SOPHIA PLATA LA GUARDIA
700,BLANCO TAFFETA
701,BLANCO TITANIO
702,BLANCO TRIGO
467,BLANCO VERDE
703,BLANCO VERDE ACEITUNA METAL
704,BLANCO VERDE AMARILLO AZUL
705,BLANCO VERDE AMARILLO NARANJA
706,BLANCO VERDE AMARILLO Y ROJO
707,BLANCO VERDE AZUL
708,BLANCO VERDE AZUL Y ROJO
709,BLANCO VERDE FRA AZUL ROJA 
710,BLANCO VERDE FRJ NARANJA
711,BLANCO VERDE NARANJA Y AZUL
712,BLANCO VERDE NARANJA Y ROJO
713,BLANCO VERDE ROJO
714,BLANCO VERDE ROJO Y AZUL
715,BLANCO VERDE ROJO Y NEGRO
716,BLANCO VERDE Y AMARILLO
717,BLANCO VERDE Y AZUL
718,BLANCO VERDE Y GRIS
719,BLANCO VERDE Y HABANO
720,BLANCO VERDE Y NARANJA
721,BLANCO VERDE Y VINOTINTO
722,BLANCO VERDE Y ZAPOTE 
723,BLANCO VERDE ZAPOTE Y PLATEADO
724,BLANCO VINO TINTO
725,BLANCO VINOTINTO Y GRIS
726,BLANCO VIOLETA
416,BLANCO Y
727,BLANCO Y  ZANAHORIA
728,BLANCO Y AMARILLO
729,BLANCO Y AZUL
730,BLANCO Y AZUL TURQUEZA
731,BLANCO Y BEIGE
732,BLANCO Y CAFE
733,BLANCO Y CORAL
734,BLANCO Y CREMA
735,BLANCO Y DIVERSOS COLORES
736,BLANCO Y DURAZNO
737,BLANCO Y FJ AZUL MARFIL Y ROJA
738,BLANCO Y FJA NEGRO
739,BLANCO Y FRANJA AZUL
740,BLANCO Y FUCSIA
741,BLANCO Y GRIS
742,BLANCO Y GRIS METALIZADO
743,BLANCO Y GRIS PLATINO
744,BLANCO Y HABANO
745,BLANCO Y LILA
746,BLANCO Y MARFIL
747,BLANCO Y MARRON
748,BLANCO Y MORADO
749,BLANCO Y NARANJA
750,BLANCO Y NEGRO
751,BLANCO Y NIQUEL
752,BLANCO Y PLATEADO METALICO
753,BLANCO Y PURPURA
754,BLANCO Y ROJO
755,BLANCO Y ROJO CANABAL
756,BLANCO Y ROSADO
757,BLANCO Y VERDE
758,BLANCO Y VERDE 3 TONOS
759,BLANCO Y VERDE ESMERALDA
760,BLANCO Y VERDE FRANJA NARANJA
761,BLANCO Y VERDE METALIZADO
762,BLANCO Y VERDE TURQUESA
763,BLANCO Y VINILO NEGRO
764,BLANCO Y VINOTINTO
765,BLANCO Y VIOLETA
766,BLANCO Y ZAPOTE
767,BLANCO Y/O VERDE
768,BLANCO ZEUS
769,BLANCO/PLATA
191,BLUISH RED
192,BRAUM CASTILLA
193,BRAUM METALIZAD
195,BRILLANTROT
412,BRONCE
196,BRONCE APOLO
770,BRONCE MARFIL CAFE
771,BRONCE Y BLANCO
772,BRONCE Y MARFIL
773,BRUND DE TANA
774,BURDEO METALICO
11,CAFE
12,CAFE BEIGE
19,CAFE MARRON
438,CAMUFLADO
197,CANELA
775,CAOBA
198,CAOBA REAL
776,CAOBA Y HABANO
199,CAPE BLUE
200,CARDO
777,CARDO PLATEADO
778,CARMELITA
14,CARMELITO PLATE
779,CARNAUBA
201,CARRIGADA
202,CASHMERE
203,CELESTE METALIC
780,CELESTE METALIZADO
781,CENIZA EJECUTIVO
68,CENIZA GRAFITO
69,CEREZA
204,CEREZA ROJA
782,CEREZO OTOÑAL METALIZADO
451,CHAMPAGNA
783,CHAMPAGNE CLARO
784,CHAMPAGNE POLY
15,CHAMPANA
205,CHAMPANA METALI
785,CHAMPAÑA
786,CHAMPAÑA CLARO
787,CHAMPAÑA DORADO
788,CHAMPAÑA METALIZADO
789,CHAMPAÑA METALIZADO Y BLANCO
790,CHAMPAÑA MICA METALICA
791,CHAMPAÑA PERLADO
792,CHAMPAÑA Y BLANCO
793,CHAMPAÑA Y CAFE
794,CHAMPAÑA Y GRIS
795,CHAMPAÑA Y GRIS PLOMO METAL.
796,CHAMPAÑA Y NARANJA
797,CHAMPAÑA Y NEGRO
206,CHERRYRED
207,CILICE TORNADO
70,CINZA EJECUTIVO
208,CINZA GRAFITO
798,CITRONELLA
799,CLEAN SILVER
71,COBRE
209,COBRE METALIZAD
800,COBRIZO METALICO
210,COHET
91,CORAL
801,CORAL Y MARFIL
802,CORAL Y NEGRO
20,CREMA
803,CROMADA Y NEGRA
804,CROMO
805,CROMO Y PLATEADO
806,CROMO Y VINOTINTO
211,CURUBA
807,CURUBA MANDARINA Y NEGRO
808,CURUBA Y CREMA
809,DIAMANTE HIELO
24,DORADO
212,DOS TONOS
810,DURAZNO Y MARFIL
213,DUSTY
214,EPSON GREEN MIC
811,ESCARLATA
812,ESMERAL GREEN
813,ESMERALDA
814,ESMERALDA ROJO FERRARI
815,ESMERALDA ROJO FORMULA
816,ESTAÑO SATINADO
817,ESTRACTO DORADO
215,ESTRATO PERLA
818,FIRBLANCO
819,FJORD GRAW
216,FRAMBUESA
820,FRESA
821,FUCSIA
217,GAMUZA
218,GLACIER SILVER
822,GRAFITO
823,GRAFITO METALIZADO 
468,GRAFITO SPARKLI
824,GRAFITO Y CHAMPAÑA
825,GRAFITO Y NEGRO
826,GRANATE
827,GRANATE MALVA
219,GRANET MOUVE
220,GRANGE GOLM
828,GRANITO GRANITO
221,GRAY
28,GRIS
222,GRIS ALBORADA
223,GRIS AMTISTA
224,GRIS ANDINO
225,GRIS ARENA
226,GRIS ASTRAL
227,GRIS AZULOSO
228,GRIS BASALTE
462,GRIS CENIZA
229,GRIS CENTELLA
230,GRIS CLASICO
418,GRIS CONSTEL.
231,GRIS CUARZO
435,GRIS CUMBERLAND
232,GRIS GRAFITO
414,GRIS GRANITO
233,GRIS HUMO
234,GRIS ICEBERS
235,GRIS LILA
236,GRIS MAGNUM
237,GRIS MEDIO
238,GRIS NEPTUNO
239,GRIS NOBLE
424,GRIS NOBRE
240,GRIS OSCURO
241,GRIS PASION
242,GRIS PERLADO
243,GRIS PIEDRA
244,GRIS PLATA
452,GRIS PLATINO
85,GRIS PLOMO
430,GRIS PLUTON
245,GRIS RATON
428,GRIS ROCA
246,GRIS SANDALO
247,GRIS STEEL
248,GRIS THURSTOM
249,GRIS TIERRA
431,GRIS TINTA
429,GRIS TITAN
250,GRIS TRUENO
251,GRIS TUNGSTENO
252,GRIS XERUX
439,GRIS Y
253,GRUG MAGNUN
829,GRYLYNE
830,GUAYABA
831,GUAYABA Y MARFIL
29,HABANO
832,HIPH RED
31,HOJA SECA
443,JADE
512,KAKY NATURAL
72,LADRILLO
834,LAVANDA
835,LAVANDA MICA
94,LILA
836,LILA BLANCO
837,LIRIO AZUL
254,LOBELIA
255,LOIRE GREEN
256,MADERA
838,MADERA CENIZA
839,MADERA OSCURO
840,MADERA SANDALO
257,MAGENTA
258,MAGENTA MICA
841,MAGNESIO
259,MALAQUITA
260,MALVA METALICO
997,MANDARINA
37,MARFIL
540,MARFIL ROJO
73,MARRON
95,MARRON ACERO
261,MED POLYNESIAN
842,MERCURIO PLATA
843,METALICO MARRON OSCURO
844,MOJAVE MIST
845,MORA OSCURO
262,MORADO
40,MORADO CORDOBES
41,MOSTAZA
846,NAPLES GOLD
415,NARANJA
263,NARANJA OTONAL
43,NEGRO
264,NEGRO AZULADO
265,NEGRO BEIGE
52,NEGRO CUARZO
448,NEGRO DIAMANTE
266,NEGRO ECLIPSE
267,NEGRO FORESTAL
268,NEGRO PERLADO
269,NEGRO UNIVERSAL
81,NIAGARA
847,NIAGARA TURQUEZA
848,NIAGARA Y MARFIL
849,NIQUEL
850,NOBLE WHITE
466,NUEZ METALICO
96,OCRE
851,OCRE DAMASCO
852,OCRE MOSTAZA
853,OCRE OSCURO
854,OCRE Y NEGRO
855,OLIVA
270,OLIVA MARFIL
856,OLIVA SELVA
857,OLIVA Y BEIGE
858,OLIVA Y MARFIL
859,OPAL METALLIC
860,ORANGE GOLD METALIZADO
44,ORO
271,ORO SIERRA
272,ORO SINU
273,PALE OAK
274,PALO DE ROSA
861,PARDO DORADO
275,PARDO LAGUNA
862,PASTEL BLANCO
863,PASTEL BLANCO BANQUISE
864,PASTEL NEGRO ONIX
276,PENNINE
48,PERLA
87,PLATA
865,PLATA  CRYOLITE
866,PLATA  STARLIGHT
867,PLATA / PLATA QUEENS
88,PLATA AHUMADO
869,PLATA AHUMADO METALIZADO
870,PLATA ALUMINICA
871,PLATA ARABE
872,PLATA ARENA
873,PLATA ARIAL
422,PLATA ARIANNE
874,PLATA ASTRO
875,PLATA ASTRO METALIZADA
876,PLATA AUTENTICO
877,PLATA AZULADO
277,PLATA AZULOSO
878,PLATA AZULOSO METALICO
879,PLATA BLANCO
278,PLATA BREZO
464,PLATA BRILLANTE
880,PLATA CASHEMERE
881,PLATA CASIMIR
882,PLATA CENIZA
883,PLATA CLARO
884,PLATA COOL
885,PLATA COOL GRIS
886,PLATA CRISTAL
887,PLATA DESTELLANTE
279,PLATA DIAMANTE
888,PLATA ELEGANTE
889,PLATA ESCUNA 
890,PLATA EXTRACTO
891,PLATA FINA
892,PLATA FRESCO
893,PLATA FRESCO/GRIS OSCURO
894,PLATA GALACTICO
895,PLATA GRANITO
896,PLATA GRIS OSCURO
897,PLATA GRIS Y AZUL MARINO
898,PLATA GRISACEO
280,PLATA HAMILTON
455,PLATA IBIUNA
427,PLATA ICE
899,PLATA IMPERIAL
900,PLATA INDIGO
901,PLATA INTENSO
902,PLATA LA GUARDIA
903,PLATA LIGHT
904,PLATA LIMPIA
281,PLATA LUNAR
282,PLATA MERCURIO
905,PLATA MERCURIO METALIZ.
906,PLATA METAL
283,PLATA METALIZAD
908,PLATA METEORO
909,PLATA MICA
910,PLATA NACAR
284,PLATA NACARADO
911,PLATA NEUTRAL
89,PLATA NIQUEL
912,PLATA NIQUEL/ GRIS PLOMO METAL
913,PLATA NIQUEL/GRIS PLOMO
914,PLATA NUBE
915,PLATA NUEVO
916,PLATA OCASO
917,PLATA ORQUIDEA
918,PLATA PASTEL
285,PLATA PERLADO
919,PLATA PERLADO METAL
920,PLATA PERLECENTE
921,PLATA PLATA QUEENS
286,PLATA POLAR
922,PLATA REFLEJO
923,PLATA REFLEX
924,PLATA REGENT
925,PLATA SANDSTONE
287,PLATA SATELITE
926,PLATA SATIN
927,PLATA SATINADO
928,PLATA SEBRING
929,PLATA SHORELINE
288,PLATA SIERRA
930,PLATA SIERRA METALIZADO
441,PLATA SORRENTO
931,PLATA STARLIGHT
932,PLATA SYMPHONIC
933,PLATA TECNO
934,PLATA TITAN
289,PLATA TITANIO
935,PLATA TITANIUM
936,PLATA TOPAZ
290,PLATA TORNASOL
291,PLATA TRIGO
937,PLATA VEGA
938,PLATA VIEJA
939,PLATA VINOTINTO
292,PLATA VOGUE
940,PLATA WARM
457,PLATA Y
941,PLATA Y ROJO VINO
942,PLATA/AZUL
943,PLATA/GRIS
49,PLATEADO
434,PLATEADO GALAX.
293,PLATEADO SOLARI
944,PLATINIUM
294,PLOMO
945,PLOMO PERLADO
295,PRESTIGE SILVER
946,PURPURA
470,PURPURA METAL.
947,PURPURA METALIZADO 
296,RASBERRY
948,RIO TOMATO MICA
84,ROBLE
53,ROJO
297,ROJO ALAMBRE
298,ROJO ALPINE
299,ROJO AMAPOLA
300,ROJO AMBAR
301,ROJO ANDALUZ
302,ROJO ATARDECER
303,ROJO BORDEAUX
304,ROJO BRILLANTE
305,ROJO BURDO
436,ROJO CAMBERRA
306,ROJO CANDIL
307,ROJO CARDENAL
308,ROJO CARMIN
309,ROJO CEREZA
310,ROJO CLARO
18,ROJO CLASICO
311,ROJO CORDOBA
425,ROJO DESTELLO
312,ROJO DINAMO
313,ROJO DOUPONT
314,ROJO ELECTRICO
315,ROJO FERIA
316,ROJO FERRARI
413,ROJO FIESTA
317,ROJO FORMULA
27,ROJO FUEGO
318,ROJO FURIA
319,ROJO GALIPAN
320,ROJO GORNET MIC
321,ROJO GRANATE
450,ROJO HIP
322,ROJO IMPALA
323,ROJO IMPERIAL
324,ROJO INZA
325,ROJO LYRA
326,ROJO MAPLE
327,ROJO MARLBORO
328,ROJO MARS
329,ROJO MERCURIO
330,ROJO METALICO
331,ROJO MICA
332,ROJO MILANO
333,ROJO MONTANA
334,ROJO MONTECARLO
335,ROJO OPORTO
336,ROJO ORIENTAL
337,ROJO PALMA
338,ROJO PAMIR
339,ROJO PASION
340,ROJO PERLADO
341,ROJO PERLECENTE
342,ROJO PONZO
343,ROJO POPY
344,ROJO PURPURA
345,ROJO ROANNE
346,ROJO RUBI
347,ROJO RUBIANO
348,ROJO SAHARA
349,ROJO SCARLATA
350,ROJO SEVILLA
351,ROJO SPORT
447,ROJO SUPER
61,ROJO TERRANOVA
352,ROJO TIZIANO
353,ROJO TOMATE
354,ROJO TORINO
355,ROJO TORNADO
356,ROJO VERSALLES
357,ROJO VINO
358,ROJO VIVO
437,ROJO Y
949,ROSA AMABLE
950,ROSA AMABLE MICA
67,ROSADO
359,ROUGE FURIA
360,ROUGE GRIOTTE
36,ROUGE MANDARINE
951,ROYAL WINE
952,RUBINO
953,RUBINO
954,SALMON BLANCO Y NIQUEL
93,SAMOABLAU
92,SANDALO
90,SANDALO WOOD
361,SCARLET RED
469,SEVERRING BLUE
74,SILICE TORNADO
362,SILVER
363,SILVER CLARO
955,SILVER LINNING
999,SIN COLOR
956,SOLAR PLATA
364,SORRENTO METALI
957,STEEL GRAY
446,STRATO PERLA
75,STRATO PLATA
958,SUPER BLANCO
959,SUPER PLATA
960,SUPER ROJO
59,TABACO
961,TANGERINE
962,TEAL GREEN
963,TECHNO SILVER
60,TERRACOTA
463,TIERRA REAL
964,TITANIUM
965,TOMATO MICA
966,TOPACIO
79,TREL GREEN
967,TUGSTENO METALICO
968,TURQUESA DEL CARIBE
969,TURQUESA METALICO
970,TURQUESA OSCURO METAL
78,TURQUEZA
971,ULTRA PLATA
365,UVA
972,UVA CON DORADO
366,UVA METALICO
973,UVA METALIZADO
974,UVA OSCURO METALIZADO
975,UVA Y NEGRO
64,VERDE
1,VERDE ACEITUNA
2,VERDE ACERO
3,VERDE ACUARELA
9,VERDE ACUARIOS
34,VERDE ALAMO
54,VERDE AMAZONIE
63,VERDE AMERICA
367,VERDE ANDINO
368,VERDE ARRECIFE
369,VERDE ASTORIA
370,VERDE AVENTURA
371,VERDE CACTUS
56,VERDE CIPRES
372,VERDE CRISTAL
373,VERDE ESCANDINA
374,VERDE ESMERALDA
375,VERDE ESTELAR
376,VERDE FLORESTA
377,VERDE GALAXIA
58,VERDE GRISOSO
378,VERDE INGLES
379,VERDE ISLA
33,VERDE JADE
380,VERDE JARDIN
381,VERDE JAVA
382,VERDE KIELDER
383,VERDE LIQUEN
384,VERDE MALAGA
385,VERDE MALAQUITA
386,VERDE MANZANA
387,VERDE MAR
388,VERDE MARFIL
460,VERDE MARQUES
389,VERDE MAYERLING
417,VERDE MEDIO
38,VERDE MENTA
390,VERDE METALIZAS
391,VERDE MICA
392,VERDE MONTANA
393,VERDE MOSEL
394,VERDE MUSGO
395,VERDE NAUSICAA
396,VERDE OLIVA
397,VERDE OPALO
398,VERDE OSCURO
46,VERDE OTONAL
399,VERDE PERLADO
400,VERDE PETROLEO
401,VERDE PRIMAVERA
458,VERDE REGATA
57,VERDE SECO
402,VERDE SELVA
403,VERDE SHETLAND
404,VERDE SORRENTO
405,VERDE TARANTO
406,VERDE TORNASOL
407,VERDE TROPICO
408,VERDE TURQUEZA
409,VERDE VIRMANIA
410,VERDE WATTEAU
456,VERDE Y
97,VERDE ZETO
976,VINO
977,VINO BEIGE
978,VINO GRIS
979,VINO METALIZADO
411,VINO PERLECENTE
980,VINO PERLECENTE METALICO
981,VINO PLOMO
982,VINO TINTO Y DORADO
983,VINO TINTO Y PLATEADO
65,VINOTINTO
98,VIOLETA
984,VIOLETA BLANCO
985,VIOLETA CAMALEON
986,VIOLETA ESPECIAL
987,VIOLETA INGO
988,VIOLETA METALIZADO
989,VIOLETA PALIDO
990,VIOLETA PERSA
991,VIOLETA ROSSETTI
992,VIOLETA Y AMARILLO
993,VIOLETA Y CROMO
994,WINDSOR UVA
995,ZANAHORIA
996,ZANAHORIA Y BLANCO
76,ZAPOTE
